id,name,given_name,family_name
1,Andrej Danko,Andrej,Danko
2,Patrik Dubovský,Patrik,Dubovský
3,Krisztián Forró,Krisztián,Forró
4,Štefan Harabin,Štefan,Harabin
5,Ivan Korčok,Ivan,Korčok
6,Marian Kotleba,Marian,Kotleba
7,Ján Kubiš,Ján,Kubiš
8,Igor Matovič,Igor,Matovič
9,Milan Náhlik,Milan,Náhlik
10,Peter Pellegrini,Peter,Pellegrini
11,Róbert Švec,Róbert,Švec
